delta_k,selected_plus_root,other_plus_root,selected_minus_root,other_minus_root
1e-05,3.59999999891274e-19,3.59999999866966e-09,3.59999999908909e-19,3.59999999875784e-09
1.09647819614319e-05,5.20358317260884e-19,4.32815196254494e-09,5.20358317284131e-19,4.32815196264162e-09
1.20226443461741e-05,7.5214660671467e-19,5.20358317160366e-09,7.52146606745316e-19,5.20358317170967e-09
1.31825673855641e-05,1.08718261867673e-18,6.25608297907415e-09,1.08718261871713e-18,6.25608297919039e-09
1.44543977074593e-05,1.57145699494241e-18,7.52146606476075e-09,1.57145699499567e-18,7.52146606488821e-09
1.58489319246111e-05,2.27144643816214e-18,9.04279114413548e-09,2.27144643823234e-18,9.04279114427523e-09
1.73780082874938e-05,3.28323901833021e-18,1.08718261802382e-08,3.28323901842277e-18,1.08718261803914e-08
1.90546071796325e-05,4.7457242530979e-18,1.30708099528952e-08,4.74572425321991e-18,1.30708099530632e-08
2.08929613085404e-05,6.85965857466189e-18,1.57145699331791e-08,6.85965857482272e-18,1.57145699333633e-08
2.29086765276777e-05,9.91522331484776e-18,1.88930685296203e-08,9.91522331505978e-18,1.88930685298223e-08
2.51188643150958e-05,1.43318581095073e-17,2.27144643438077e-08,1.43318581097868e-17,2.27144643440292e-08
2.75422870333817e-05,2.07158376912583e-17,2.73087926178593e-08,2.07158376916267e-17,2.73087926181022e-08
3.01995172040202e-05,2.99434956684585e-17,3.28323900968441e-08,2.99434956689442e-17,3.28323900971104e-08
3.31131121482591e-05,4.32815194877424e-17,3.94732148878947e-08,4.32815194883826e-17,3.94732148881866e-08
3.63078054770102e-05,6.25608295600544e-17,4.74572423378769e-08,6.25608295608985e-17,4.7457242338197e-08
3.98107170553497e-05,9.04279110564124e-17,5.70561545668241e-08,9.04279110575251e-17,5.70561545671752e-08
4.36515832240166e-05,1.30708098885916e-16,6.8596585323317e-08,1.30708098887383e-16,6.8596585323702e-08
4.78630092322638e-05,1.88930684244759e-16,8.24712347432566e-08,1.88930684246693e-16,8.24712347436786e-08
5.24807460249772e-05,2.73087924502631e-16,9.91522322279713e-08,2.7308792450518e-16,9.91522322284341e-08
5.75439937337157e-05,3.94732146256552e-16,1.19207202155251e-07,3.94732146259912e-16,1.19207202155758e-07
6.30957344480193e-05,5.70561541715503e-16,1.43318579117305e-07,5.70561541719933e-16,1.43318579117862e-07
6.91830970918936e-05,8.24712341829856e-16,1.72306829936196e-07,8.24712341835696e-16,1.72306829936806e-07
7.58577575029184e-05,1.19207201446137e-15,2.0715837267198e-07,1.19207201446907e-15,2.07158372672649e-07
8.31763771102671e-05,1.72306829262388e-15,2.49059142638407e-07,1.72306829263402e-15,2.49059142639141e-07
9.1201083935591e-05,2.49059142624595e-15,2.99434947634029e-07,2.49059142625933e-15,2.99434947634833e-07
0.0001,3.59999987999493e-15,3.59999985600013e-07,3.59999988001256e-15,3.59999985600895e-07
0.000109647819614319,5.20358296614328e-15,4.32815175647981e-07,5.20358296616654e-15,4.32815175648948e-07
0.000120226443461741,7.52146570862549e-15,5.20358287380132e-07,7.52146570865614e-15,5.20358287381192e-07
0.000131825673855641,1.08718255636243e-14,6.25608254860216e-07,1.08718255636647e-14,6.25608254861378e-07
0.000144543977074593,1.57145688662271e-14,7.52146544249035e-07,1.57145688662803e-14,7.5214654425031e-07
0.000158489319246111,2.27144624993601e-14,9.04279024484075e-07,2.27144624994303e-14,9.04279024485472e-07
0.000173780082874938,3.28323869116951e-14,1.08718248801445e-06,3.28323869117876e-14,1.08718248801599e-06
0.000190546071796325,4.74572368444074e-14,1.30708080734204e-06,4.74572368445294e-14,1.30708080734372e-06
0.000208929613085404,6.85965758653092e-14,1.57145672167484e-06,6.859657586547e-14,1.57145672167668e-06
0.000229086765276777,9.91522159747894e-14,1.88930646028925e-06,9.91522159750015e-14,1.88930646029127e-06
0.000251188643150958,1.43318551256136e-13,2.27144586684922e-06,1.43318551256415e-13,2.27144586685144e-06
0.000275422870333817,2.07158325059617e-13,2.73087844147328e-06,2.07158325059985e-13,2.73087844147571e-06
0.000301995172040202,2.99434866567473e-13,3.28323782394059e-06,2.99434866567959e-13,3.28323782394325e-06
0.000331131121482591,4.32815038271429e-13,3.94731977485476e-06,4.32815038272069e-13,3.94731977485768e-06
0.000363078054770101,6.2560802344549e-13,4.74572175637059e-06,6.25608023446334e-13,4.74572175637379e-06
0.000398107170553497,9.04278637613211e-13,5.70561187573693e-06,9.04278637614323e-13,5.70561187574044e-06
0.000436515832240166,1.30708016697522e-12,6.85965335634722e-06,1.30708016697668e-12,6.85965335635107e-06
0.000478630092322638,1.88930541418355e-12,8.24711599274351e-06,1.88930541418548e-12,8.24711599274773e-06
0.000524807460249772,2.73087676294724e-12,9.91521240849651e-06,2.73087676294979e-12,9.91521240850114e-06
0.000575439937337157,3.9473171491788e-12,1.19207045840902e-05,3.94731714918216e-12,1.19207045840953e-05
0.000630957344480193,5.70560792137646e-12,1.43318353174802e-05,5.70560792138089e-12,1.43318353174857e-05
0.000691830970918936,8.24711039223617e-12,1.72306503351537e-05,8.24711039224201e-12,1.72306503351598e-05
0.000758577575029184,1.19206975078608e-11,2.07157900613038e-05,1.19206975078685e-11,2.07157900613105e-05
0.000831763771102671,1.72306435879026e-11,2.4905846030415e-05,1.72306435879127e-11,2.49058460304223e-05
0.00091201083935591,2.49058459003635e-11,2.99433961361789e-05,2.49058459003769e-11,2.9943396136187e-05
0.001,3.59998800001532e-11,3.59998560002479e-05,3.59998800001708e-11,3.59998560002567e-05
0.00109647819614319,5.20356232110921e-11,4.32813115033348e-05,5.20356232111154e-11,4.32813115033445e-05
0.00120226443461741,7.52142983172656e-11,5.20355308889632e-05,7.52142983172963e-11,5.20355308889738e-05
0.00131825673855641,1.08717632167017e-10,6.2560394963235e-05,1.08717632167057e-10,6.25603949632466e-05
0.00144543977074593,1.57144605196594e-10,7.52140321302049e-05,1.57144605196647e-10,7.52140321302177e-05
0.00158489319246111,2.27142742147629e-10,9.04270029597032e-05,2.27142742147699e-10,9.04270029597171e-05
0.00173780082874938,3.28320597107573e-10,0.000108716948645736,3.28320597107666e-10,0.000108716948645751
0.00190546071796325,4.74566682348105e-10,0.000130706201439459,4.74566682348227e-10,0.000130706201439476
0.00208929613085404,6.85955877362227e-10,0.000157142955763793,6.85955877362388e-10,0.000157142955763811
0.00229086765276777,9.91504988051192e-10,0.000188926719636651,9.91504988051405e-10,0.000188926719636671
0.00251188643150958,1.43315567162049e-09,0.000227138911332317,1.43315567162077e-09,0.000227138911332339
0.00275422870333817,2.07153139306732e-09,0.00027307964078434,2.07153139306769e-09,0.000273079640784364
0.00301995172040202,2.99425854781659e-09,0.000328311924959114,2.99425854781708e-09,0.00032831192495914
0.00331131121482591,4.32799377623043e-09,0.000394714838332686,4.32799377623107e-09,0.000394714838332716
0.00363078054770101,6.25580808442831e-09,0.000474547402120169,6.25580808442915e-09,0.000474547402120201
0.00398107170553497,9.04231343537936e-09,0.000570525379115038,9.04231343538047e-09,0.000570525379115073
0.00436515832240166,1.30699797965983e-08,0.00068591357695364,1.30699797965997e-08,0.000685913576953678
0.00478630092322639,1.88916258977183e-08,0.000824636785722879,1.88916258977203e-08,0.000824636785722921
0.00524807460249773,2.73062856419031e-08,0.000991413103245652,2.73062856419056e-08,0.000991413103245698
0.00575439937337157,3.94688583255088e-08,0.0011919141535392,3.94688583255122e-08,0.00119191415353925
0.00630957344480193,5.70485838604417e-08,0.00143295760512097,5.7048583860446e-08,0.00143295760512103
0.00691830970918936,8.24580786387274e-08,0.00172273847478622,8.24580786387333e-08,0.00172273847478628
0.00758577575029184,1.1918434003834e-07,0.00207110699315637,1.19184340038348e-07,0.00207110699315644
0.00831763771102671,1.72267101331692e-07,0.00248990235061978,1.72267101331702e-07,0.00248990235061985
0.0091201083935591,2.48990104740491e-07,0.00299335348298918,2.48990104740504e-07,0.00299335348298926
0.01,3.59880016718684e-07,0.00359856024957496,3.59880016718701e-07,0.00359856024957505
0.0109647819614319,5.20149816298787e-07,0.00432607096505542,5.20149816298809e-07,0.00432607096505551
0.0120226443461741,7.51784285878137e-07,0.00520057534192737,7.51784285878169e-07,0.00520057534192748
0.0131825673855641,1.08655300285982e-06,0.0062517355627114,1.08655300285986e-06,0.00625173556271152
0.0144543977074593,1.57036290159809e-06,0.00751518251899202,1.57036290159814e-06,0.00751518251899215
0.0158489319246111,2.26954523380146e-06,0.00903370932257006,2.26954523380153e-06,0.00903370932257019
0.0173780082874938,3.27993533761606e-06,0.0108587001098318,3.27993533761615e-06,0.0108587001098319
0.0190546071796325,4.73998360246901e-06,0.0130518390169431,4.73998360246914e-06,0.0130518390169432
0.0208929613085404,6.84968348799705e-06,0.0156871520780381,6.8496834879972e-06,0.0156871520780383
0.0229086765276777,9.89789073295473e-06,0.0188534437348437,9.89789073295494e-06,0.0188534437348439
0.0251188643150958,1.43017419890229e-05,0.0226571996257248,1.43017419890231e-05,0.022657199625725
0.0275422870333817,2.06635111763918e-05,0.0272260382215141,2.06635111763921e-05,0.0272260382215144
0.0301995172040202,2.98525820419438e-05,0.0327128054015272,2.98525820419443e-05,0.0327128054015275
0.0331131121482591,4.31235703069459e-05,0.0393004176576093,4.31235703069466e-05,0.0393004176576096
0.0363078054770101,6.22864301296978e-05,0.0472075703133708,6.22864301296987e-05,0.0472075703133711
0.0398107170553497,8.99512365771387e-05,0.0566954353789683,8.99512365771398e-05,0.0566954353789687
0.0436515832240166,0.000129880103379277,0.0680754769596245,0.000129880103379279,0.0680754769596249
0.0478630092322639,0.000187492565155891,0.0817185067195561,0.000187492565155893,0.0817185067195565
0.0524807460249773,0.000270590372208514,0.0980650821057604,0.000270590372208517,0.0980650821057609
0.0575439937337157,0.000390395263581481,0.117637307506581,0.000390395263581483,0.117637307506582
0.0630957344480193,0.000563031928731966,0.141052021135541,0.00056303192873197,0.141052021135541
0.0691830970918936,0.000811642035122971,0.169035220853102,0.000811642035122976,0.169035220853103
0.0758577575029184,0.00116938901305294,0.202437375944861,0.00116938901305294,0.202437375944861
0.0831763771102671,0.00168371355520311,0.242248955237053,0.00168371355520312,0.242248955237053
0.091201083935591,0.00242233376226325,0.289615028921126,0.00242233376226326,0.289615028921127
0.1,0.00348165892410534,0.345847111256539,0.00348165892410535,0.34584711125654
