epsilon_beta1,epsilon_beta2,F_preparation,F_after_hold,minimum_F_hold,C_after_hold,norm_error,photonic_population_after_hold
-0.1,-0.1,0.994394741868824,0.994580335543852,0.994156238504758,0.994566107041728,2.41806574763359e-13,0.00540543595425581
-0.09,-0.1,0.994552713222612,0.994719952384846,0.994340620475799,0.994705351881373,2.656763697928e-13,0.00526544711141974
-0.08,-0.1,0.994697454602697,0.994846633357635,0.994511433477619,0.994831635264238,2.76445533131664e-13,0.00513836854869941
-0.07,-0.1,0.994829110309059,0.994960529885036,0.994668810565719,0.994945107853789,2.13273843030493e-13,0.00502404808350385
-0.06,-0.1,0.994947842830506,0.995061811310271,0.994812903352455,0.995045938218031,5.01820807130571e-14,0.00492231559744061
-0.05,-0.1,0.995053832287352,0.995150664333649,0.994943881458102,0.995134312268264,9.48130463029884e-14,0.0048329836010552
-0.04,-0.1,0.995147275845354,0.99522729241975,0.995061931924897,0.995210432668505,7.061018436616e-14,0.00475584782907298
-0.03,-0.1,0.995228387073407,0.995291915168515,0.995167258598275,0.995274518208994,1.79856129989275e-14,0.00469068787195281
-0.02,-0.1,0.995297395318222,0.995344767671539,0.995260081483554,0.995326803165058,2.79776202205539e-14,0.0046372678220048
-0.01,-0.1,0.995354545014023,0.995386099827479,0.995340636082859,0.995367536615243,2.1316282072803e-14,0.00459533696030449
0,-0.1,0.995400094985965,0.995416175644575,0.995400094985965,0.995396981746716,5.89750470680883e-13,0.00456463045698204
0.01,-0.1,0.995434317733681,0.995435272521761,0.99541881248766,0.995415415139243,2.1316282072803e-14,0.00454487009573863
0.02,-0.1,0.995457498674924,0.995443680498578,0.995410811732949,0.99542312601845,1.19904086659517e-14,0.00453576502130168
0.03,-0.1,0.995469935407038,0.995441701503028,0.99539274328189,0.995420415506626,1.0547118733939e-14,0.00453701250057176
0.04,-0.1,0.995471936916969,0.995429648572096,0.995364956432906,0.995407595846658,8.72635297355373e-14,0.00454829870254583
0.05,-0.1,0.995463822799573,0.99540784506665,0.995327778597234,0.99538498962026,1.24789067967868e-13,0.00456929948703114
0.06,-0.1,0.995445922440931,0.99537662386074,0.995281546406991,0.995352928940687,5.21804821573824e-14,0.00459968121918254
0.07,-0.1,0.995418574233226,0.995336326541792,0.995226604910893,0.995311754656383,1.75082170983387e-13,0.00463910157262781
0.08,-0.1,0.995382124732626,0.995287302583981,0.995163306754277,0.995261815527833,2.41584530158434e-13,0.00468721035963356
0.09,-0.1,0.995336927841911,0.99522990852697,0.995092011356867,0.995203467409792,2.96651592179842e-13,0.00474365035555888
0.1,-0.1,0.995283343980999,0.995164507146982,0.995013084081554,0.99513707242584,1.36668454331357e-13,0.00480805813186709
-0.1,-0.09,0.994445127480074,0.99462905473643,0.994207397509262,0.994615771347896,2.42028619368284e-13,0.00535766187526988
-0.09,-0.09,0.994603306703735,0.994768966893283,0.994391885919594,0.994755320736695,2.57904808620424e-13,0.00521738694987144
-0.08,-0.09,0.994748263163376,0.99489594996238,0.994562813086215,0.994881916030914,2.8155255904494e-13,0.0050900161058729
-0.07,-0.09,0.994880141307898,0.995010155483332,0.994720312259309,0.994995708002126,2.14828155264968e-13,0.00497539703524779
-0.06,-0.09,0.994999103774431,0.995111752915824,0.994864535244979,0.995096865325461,4.37427871702312e-14,0.00487335949377039
-0.05,-0.09,0.995105330830864,0.995200929076309,0.994995651856124,0.995185574018395,9.70334923522387e-14,0.00478371586586672
-0.04,-0.09,0.995199019789626,0.995277887545004,0.995113849326359,0.995262036850011,6.86117829218347e-14,0.00470626176006818
-0.03,-0.09,0.995280384365352,0.995342848036908,0.995219331691077,0.995326472714463,1.72084568816899e-14,0.00464077664063827
-0.02,-0.09,0.995349654049287,0.99539604575791,0.995312319143974,0.995379115989689,3.13082892944294e-14,0.00458702447389916
-0.01,-0.09,0.995407073418948,0.995437730720187,0.995393047373835,0.995420215855553,1.95399252334028e-14,0.00454475441519817
0,-0.09,0.995452901441381,0.995468167044411,0.995452901441381,0.995450035598976,5.92859095149834e-13,0.00451370150956209
0.01,-0.09,0.995487410756565,0.99548763224101,0.995471284891865,0.995468851898084,2.28705943072782e-14,0.00449358741608207
0.02,-0.09,0.995510886920977,0.995496416459785,0.99546377396423,0.995476954075215,1.11022302462516e-14,0.00448412115565169
0.03,-0.09,0.995523627668857,0.99549482173766,0.995446167353821,0.995474643347645,1.25455201782643e-14,0.00448499987232513
0.04,-0.09,0.995525942122166,0.995483161219176,0.99541884951226,0.995462232051521,8.14903700074865e-14,0.00449590961324487
0.05,-0.09,0.995518150008705,0.995461758371206,0.995382147930601,0.995440042859951,1.25233157177718e-13,0.00451652611760963
0.06,-0.09,0.995500580845387,0.995430946172173,0.995336399319725,0.995408407975658,5.04041253179821e-14,0.00454651563129115
0.07,-0.09,0.995473573152885,0.995391066312097,0.995281948805941,0.995367668334518,1.74749104076e-13,0.00458553571015485
0.08,-0.09,0.995437473613478,0.995342468365916,0.995219149110885,0.995318172782391,2.36477504245158e-13,0.00463323605033112
0.09,-0.09,0.995392636253536,0.995285508972048,0.995148359729208,0.995260277257203,2.93431945408429e-13,0.00468925931281523
0.1,-0.09,0.995339421613914,0.995220551003433,0.995069946097241,0.995194343963505,1.38666855775682e-13,0.0047532419566364
-0.1,-0.08,0.994494537114357,0.994676768639229,0.994257572876912,0.994664398419582,2.41362485553509e-13,0.00531086114135702
-0.09,-0.08,0.99465292544049,0.994816977858745,0.994442168110225,0.994804254314526,2.61679566904149e-13,0.00517029859677406
-0.08,-0.08,0.994798098292982,0.9949442648471,0.994613209910393,0.994931163553008,2.75890421619351e-13,0.0050426338585329
-0.07,-0.08,0.994930200270819,0.99505878126162,0.994770831723806,0.995045277015505,2.18491891246231e-13,0.00492771449205259
-0.06,-0.08,0.995049394160587,0.995160696679522,0.994915185551573,0.995146763485211,4.48530101948563e-14,0.00482537012613979
-0.05,-0.08,0.995155860378862,0.995250198034232,0.995046441401221,0.995235809086475,1.11688436277291e-13,0.00473541301811737
-0.04,-0.08,0.995249796385825,0.995327489022439,0.995164786698947,0.995312616694156,7.37188088351104e-14,0.00465763864935069
-0.03,-0.08,0.995331416042871,0.995392789475231,0.995270425671244,0.99537740530723,1.38777878078145e-14,0.00459182635676741
-0.02,-0.08,0.995400948986784,0.995446334713539,0.99536357870168,0.995430409406865,2.55351295663786e-14,0.0045377399798045
-0.01,-0.08,0.995458639939353,0.995488374863943,0.995444481667039,0.995471878275009,2.24265050974282e-14,0.00449512854714389
0,-0.08,0.995504748010439,0.995519174160251,0.995504748010439,0.995502075298918,5.90971716007971e-13,0.0044637269778278
0.01,-0.08,0.995539545981256,0.995539010225132,0.995522775309832,0.995521277255712,2.39808173319034e-14,0.00444325680546968
0.02,-0.08,0.995563319547883,0.995548173319386,0.995515757175985,0.995529773565064,1.31006316905768e-14,0.00443342692630007
0.03,-0.08,0.995576366582278,0.995546965589519,0.99549861563366,0.995527865539778,1.34336985979644e-14,0.00443393436073743
0.04,-0.08,0.995578996342203,0.995535700288312,0.9954717701075,0.995515865609847,8.68194405256872e-14,0.00444446503330833
0.05,-0.08,0.995571528689152,0.995514700989214,0.995435548168788,0.995494096540231,1.25455201782643e-13,0.00446469456187867
0.06,-0.08,0.995554293271605,0.995484300775634,0.99539028660758,0.995462890623636,5.10702591327572e-14,0.00449428907234701
0.07,-0.08,0.9955276287394,0.995444841440752,0.995336330628132,0.995422588883833,1.75970349403087e-13,0.00453290600216201
0.08,-0.08,0.995491881901581,0.995396672660764,0.995274033028733,0.995373540252459,2.36699548850083e-13,0.00458019493069802
0.09,-0.08,0.995447406908715,0.995340151173383,0.99520375337925,0.995316100751058,2.92654789291191e-13,0.00463579840400102
0.1,-0.08,0.99539456442318,0.995275639948677,0.995125857189757,0.995250632665476,1.37112543541207e-13,0.00469935276811522
-0.1,-0.07,0.994542935243856,0.994723441590004,0.994306728737254,0.994711952302258,2.40918396343659e-13,0.00526506912248204
-0.09,-0.07,0.994701533873184,0.994863949572943,0.994491431154915,0.994852116613744,2.56572540990874e-13,0.00512421746760028
-0.08,-0.07,0.994846924399715,0.994991542257229,0.994662588034761,0.99497934178239,2.72226685638088e-13,0.00499625726766179
-0.07,-0.07,0.994979251573689,0.995106371418908,0.994820333020917,0.995093778798452,2.1405099914773e-13,0.00488103596042231
-0.06,-0.07,0.99509867833227,0.995208606753623,0.994964818311203,0.99519559655395,4.75175454539567e-14,0.00477838304668375
-0.05,-0.07,0.995205385241808,0.995298435312757,0.995096214108667,0.995284981280967,1.17239551400417e-13,0.0046881106555633
-0.04,-0.07,0.995299569911279,0.995376060910423,0.995214708033743,0.995362135960966,6.72795152922845e-14,0.00461001414018453
-0.03,-0.07,0.99538144634988,0.995441703494513,0.9953205045056,0.99542727969833,1.77635683940025e-14,0.00454387270929878
-0.02,-0.07,0.995451244340922,0.995495598501963,0.99541382409892,0.995480647078302,3.33066907387547e-14,0.00448945007440691
-0.01,-0.07,0.995509208751382,0.99553799617432,0.995494902879587,0.995522487485358,2.04281036531029e-14,0.00444649513673545
0,-0.07,0.995555598834877,0.995569160859503,0.995555598834877,0.995553064407944,5.96966920340947e-13,0.00441474268834544
0.01,-0.07,0.99559068751473,0.995589370293087,0.995573247526834,0.995572654722731,1.73194791841524e-14,0.00439391413656514
0.02,-0.07,0.995614760627459,0.995598914847594,0.995566725084552,0.995581547947327,1.22124532708767e-14,0.00438371825214954
0.03,-0.07,0.995628116183556,0.995598096779747,0.995550051779388,0.995580045490601,1.02140518265514e-14,0.00438385193110998
0.04,-0.07,0.995631063577337,0.995587229451174,0.995523681818024,0.995568459876885,8.06021915877864e-14,0.00439400097461318
0.05,-0.07,0.995623922804744,0.995566636542584,0.995487942852401,0.995547113963579,1.26343380202343e-13,0.00441384087848773
0.06,-0.07,0.99560702364651,0.995536651242882,0.995443171752119,0.995516340133774,4.9293902293357e-14,0.00444303764798543
0.07,-0.07,0.995580704882317,0.995497615448964,0.995389713799747,0.995476479499606,1.75082170983387e-13,0.0044812486015072
0.08,-0.07,0.995545313448582,0.995449878938806,0.995327921870534,0.995427881078911,2.37809771874709e-13,0.0045281232010649
0.09,-0.07,0.995501203620678,0.995393798549868,0.995258155609882,0.995370900977221,2.94431146130592e-13,0.00458330387719476
0.1,-0.07,0.995448736183056,0.99532973734981,0.995180780601856,0.995305901562055,1.3988810110277e-13,0.00464642686242415
-0.1,-0.06,0.994590286703292,0.994769038300862,0.994354829589103,0.994758397451657,2.46469511466785e-13,0.00522032085017291
-0.09,-0.06,0.994749096804479,0.994909846701667,0.994539639530088,0.994898872043048,2.68673971959288e-13,0.00507917863944468
-0.08,-0.06,0.994894706253972,0.995037746812089,0.994710911913095,0.995026415080387,2.75224287804576e-13,0.00495092145593561
-0.07,-0.06,0.995027259954393,0.995152890527826,0.994868780581468,0.99514117766451,2.18158824338843e-13,0.00483539660864091
-0.06,-0.06,0.995146920994589,0.995255447663864,0.995013397931189,0.995243328797057,4.52970994047064e-14,0.00473243346928761
-0.05,-0.06,0.995253870091759,0.995345605390522,0.995144934362236,0.995333054818695,1.18571819029967e-13,0.00464184403776815
-0.04,-0.06,0.995348305004726,0.995423567640272,0.99526357769044,0.995410558818298,9.99200722162641e-14,0.00456342353784841
-0.03,-0.06,0.995430439891462,0.995489554478292,0.995369532529707,0.995476060006025,1.55431223447522e-14,0.00449695104944853
-0.02,-0.06,0.99550050468278,0.995543801458705,0.995463019646412,0.99552979307225,3.41948691584548e-14,0.00444219015487251
-0.01,-0.06,0.995558744391802,0.995586558938704,0.995544275297017,0.995572007504538,2.02060590481778e-14,0.00439888962714664
0,-0.06,0.995605418416776,0.995618091381062,0.995605418416776,0.995602966893157,5.92303983637521e-13,0.00436678413044429
0.01,-0.06,0.995640799823999,0.995638676634968,0.995622665699615,0.995622948214916,2.06501482580279e-14,0.00434559494499233
0.02,-0.06,0.99566517459124,0.995648605185326,0.995616641777529,0.99563224108592,1.13242748511766e-14,0.00433503071527599
0.03,-0.06,0.995678840868321,0.995648179399775,0.995600439819818,0.995631147011689,1.27675647831893e-14,0.00433478821214429
0.04,-0.06,0.995682108186881,0.99563771274941,0.995574548613653,0.995619978611412,8.63753513158372e-14,0.00434455311267648
0.05,-0.06,0.995675296677997,0.995617529022722,0.995539295892014,0.995599058835349,1.27897692436818e-13,0.00436400078998077
0.06,-0.06,0.995658736255347,0.995587961514738,0.995495018604423,0.995568720157513,4.81836792687318e-14,0.00439279712800885
0.07,-0.06,0.995632765829095,0.995549352226572,0.995442062112104,0.995529303778806,1.72972747236599e-13,0.00443059932549984
0.08,-0.06,0.99559773246365,0.995502051038453,0.995380779367568,0.995481158803657,2.37365682664858e-13,0.00447705672651671
0.09,-0.06,0.995553990559763,0.995446414888075,0.995311530092049,0.995424641421981,2.90434343241941e-13,0.00453181164554627
0.1,-0.06,0.995501901024488,0.99538280694111,0.995234679943852,0.995360114083311,1.37889699658444e-13,0.00459450020108695
-0.1,-0.05,0.994636556708682,0.994813523877432,0.994401840319586,0.994803698752923,2.40474307133809e-13,0.00517665099829402
-0.09,-0.05,0.994795579418224,0.9949546343041,0.9945867581005,0.994944485440244,2.64566146768175e-13,0.00503521683178492
-0.08,-0.05,0.994941409007166,0.995082843524111,0.994758146387455,0.995072348236975,2.8022029141539e-13,0.0049066611884736
-0.07,-0.05,0.995074190531644,0.995198303553861,0.994916139224493,0.995187438355448,2.18824958153618e-13,0.00479083124750812
-0.06,-0.05,0.99519408723329,0.99530118432861,0.995060889207213,0.99528992490773,4.52970994047064e-14,0.00468755625048737
-0.05,-0.05,0.995301279981205,0.995391673138392,0.9951925669339,0.995379994343726,1.22568621918617e-13,0.00459664806705935
-0.04,-0.05,0.995395966685069,0.995469974034911,0.995311360417377,0.995457849860472,1.02140518265514e-13,0.00451790179073912
-0.03,-0.05,0.995478361652635,0.995536307201768,0.995417474466927,0.995523710774916,1.72084568816899e-14,0.00445109637138124
-0.02,-0.05,0.995548694963164,0.995590908310759,0.995511130042596,0.995577811882935,3.06421554796543e-14,0.00439599526144707
-0.01,-0.05,0.995607211776823,0.995634027835557,0.995592563592406,0.995620402775902,2.06501482580279e-14,0.00435234710480179
0,-0.05,0.995654171637372,0.995665930354535,0.995654171637372,0.995651747146536,5.92303983637521e-13,0.00431988643687689
0.01,-0.05,0.995689847754924,0.995686893831214,0.995670994375705,0.995672122072397,1.84297022087776e-14,0.00429833440998614
0.02,-0.05,0.995714526249319,0.995697208863535,0.995665471733105,0.99568181726863,1.55431223447522e-14,0.00428739954157387
0.03,-0.05,0.995728505410459,0.995697177930689,0.995649744173963,0.995681134337942,1.11022302462516e-14,0.00428677847657014
0.04,-0.05,0.995732094908031,0.995687114613848,0.995624334853968,0.995670385994889,8.72635297355373e-14,0.00429615676727991
0.05,-0.05,0.995725615008959,0.995667342809609,0.995589571587021,0.99564989528282,1.30562227695918e-13,0.00431520966372757
0.06,-0.05,0.995709395760531,0.99563819592043,0.995545791404463,0.995619994767881,5.12923037376822e-14,0.00434360292699549
0.07,-0.05,0.995683776203993,0.995600016051351,0.995493339744941,0.995581025739366,1.71862524211974e-13,0.00438099363650038
0.08,-0.05,0.995649103532354,0.995553153185636,0.995432569639066,0.995533337388986,2.33146835171283e-13,0.00442703101748545
0.09,-0.05,0.995605732272275,0.99549796436161,0.995363840884147,0.995477285991365,2.87880830285303e-13,0.00448135726786123
0.1,-0.05,0.995554023453953,0.995434812843402,0.995287519212992,0.995413234078414,1.37112543541207e-13,0.00454360839160794
-0.1,-0.04,0.994681710876016,0.994856863837975,0.994447726223125,0.994847821539639,2.40030217923959e-13,0.00513409386391449
-0.09,-0.04,0.994840947298068,0.994998277851746,0.994632752138148,0.994988922091092,2.62789789928775e-13,0.00499236638733685
-0.08,-0.04,0.994986998210345,0.995126797817906,0.994804256707099,0.995117106489768,2.74336109384876e-13,0.00486351085368046
-0.07,-0.04,0.995120008823626,0.995242575874435,0.994962374176189,0.995232526060257,2.18047802036381e-13,0.00474737431117079
-0.06,-0.04,0.995240142533404,0.995345782077797,0.995107257342048,0.995335350025852,4.84057238736568e-14,0.00464378587023617
-0.05,-0.04,0.995347580361713,0.995436603838695,0.995239077002658,0.995425764946533,1.25455201782643e-13,0.00455255726926568
-0.04,-0.04,0.995442520370105,0.995515245328833,0.995358021369112,0.995503974128143,1.0946799022804e-13,0.00447348347057873
-0.03,-0.04,0.995525177017076,0.995581926851068,0.995464295447432,0.995570196995133,1.75415237890775e-14,0.00440634329299649
-0.02,-0.04,0.995595780531266,0.995636884195694,0.995558120392588,0.995624668449592,3.17523785042795e-14,0.00435090005823207
-0.01,-0.04,0.995654576220782,0.995680367953595,0.995639732845337,0.995667638187315,1.88737914186277e-14,0.00430690228014144
0,-0.04,0.99570182377577,0.995712642819465,0.99570182377577,0.99569937000409,5.87641046934095e-13,0.00427408436457513
0.01,-0.04,0.995737796550963,0.995733986871836,0.995718198512638,0.995720141078793,2.08721928629529e-14,0.00425216733513879
0.02,-0.04,0.995762780809052,0.995744690822341,0.995713179839311,0.995730241226166,1.55431223447522e-14,0.0042408595814953
0.03,-0.04,0.99577707498078,0.995745057262397,0.995697929670215,0.995729972146674,1.4432899320127e-14,0.00423985762187721
0.04,-0.04,0.995780988874598,0.995735399883785,0.995673005307532,0.995719646650672,8.57092175010621e-14,0.0042488468831873
0.05,-0.04,0.995774842893953,0.995716042692044,0.995638734646914,0.995699587875343,1.31006316905768e-13,0.00426750249137999
0.06,-0.04,0.995758967220362,0.9956873191968,0.99559545480031,0.995670128478619,5.24025267623074e-14,0.00429549008499895
0.07,-0.04,0.995733701026778,0.99564957160829,0.995543511285661,0.995631609839365,1.71307412699662e-13,0.0043324666226191
0.08,-0.04,0.995699391635365,0.995603150013008,0.995483257211438,0.995584381236694,2.42139641670747e-13,0.0043780812104363
0.09,-0.04,0.995656393699237,0.995548411550382,0.995415052451287,0.995528799030327,2.88769008705003e-13,0.00443197592928081
0.1,-0.04,0.995605068372219,0.995485719583336,0.995339262812739,0.995465225834826,1.37556632751057e-13,0.00449378666814422
-0.1,-0.03,0.99472571523971,0.994899024132279,0.994492453020173,0.994890731612608,2.43138842392909e-13,0.00509268334828339
-0.09,-0.03,0.994885166445937,0.995040743247485,0.994677587341036,0.995032147748244,2.63566946046012e-13,0.00495066125301726
-0.08,-0.03,0.995031439832701,0.995169575549165,0.994849208547281,0.995160655542803,2.75335310107039e-13,0.0048215044441969
-0.07,-0.03,0.99516468076651,0.995285673297845,0.995007451088708,0.995276406433967,2.1538326677728e-13,0.00470505983806123
-0.06,-0.03,0.995285052797759,0.995389206672079,0.995152467964358,0.995379569757018,4.70734562441066e-14,0.00460115641283761
-0.05,-0.03,0.995392737102465,0.995480363204122,0.995284430173319,0.995470332182771,1.27231558622043e-13,0.00450960577465189
-0.04,-0.03,0.995487931895025,0.995559347186481,0.995403526126153,0.995548897126562,1.12798659301916e-13,0.00443020275370387
-0.03,-0.03,0.995570851785629,0.995626379042359,0.99550996102654,0.995615484121315,4.70734562441066e-14,0.00436272603664387
-0.02,-0.03,0.99564172715321,0.995681694680611,0.995603956226986,0.995670328175284,2.66453525910038e-14,0.00430693881408037
-0.01,-0.03,0.995700803454713,0.995725544810764,0.995685748560771,0.995713679090006,1.86517468137026e-14,0.00426258946849543
0,-0.03,0.995748340527475,0.995758194244297,0.995748340527475,0.99574580076469,5.8786309153902e-13,0.00422941227551339
0.01,-0.03,0.995784611871677,0.995779921175447,0.99576424349695,0.995766970480125,2.33146835171283e-14,0.00420712812925371
0.02,-0.03,0.99580990389362,0.995791016430152,0.99575973141291,0.995777478151154,1.19904086659517e-14,0.00419544529085625
0.03,-0.03,0.995824515165628,0.995791782712701,0.995744961565438,0.995777625576552,9.65894031423886e-15,0.00419406015115036
0.04,-0.03,0.995828755635587,0.995782533826012,0.995720525170974,0.995767725662911,8.77076189453874e-14,0.00420265801097158
0.05,-0.03,0.995822945844121,0.995763593885142,0.995686750207273,0.99574810164173,1.28785870856518e-13,0.00422091387157256
0.06,-0.03,0.995807416107619,0.995735296507377,0.995643973867248,0.995719086263133,5.01820807130571e-14,0.00424849324836088
0.07,-0.03,0.99578250573132,0.995697984008643,0.995592541748423,0.995681020995968,1.73416836446449e-13,0.00428505297851575
0.08,-0.03,0.995748562167075,0.995652006579112,0.995532807037399,0.995634255207123,2.35811370430383e-13,0.0043302420486634
0.09,-0.03,0.995705940194969,0.995597721459676,0.995465129684399,0.995579145341701,2.86992651865603e-13,0.00438370242206861
0.1,-0.03,0.995655001092933,0.995535492112495,0.995389875571895,0.995516054097287,1.39999123405232e-13,0.00444506987228571
-0.1,-0.02,0.994768536270932,0.994939971160327,0.994535986875838,0.994932395258355,2.40474307133809e-13,0.00505245293792431
-0.09,-0.02,0.994928203300418,0.995081996844225,0.994721229851849,0.995074128649737,2.66231481305113e-13,0.00491013496102648
-0.08,-0.02,0.995074700279939,0.99521114302347,0.994892968027906,0.995202961585187,2.77000644643977e-13,0.00478067553797044
-0.07,-0.02,0.995208172732793,0.995327562082056,0.995051336058791,0.995319045616282,2.15938378289593e-13,0.00466392145195588
-0.06,-0.02,0.995328784365353,0.995431424321528,0.995196487147359,0.995422550191073,4.46309655899313e-14,0.00455970154799116
-0.05,-0.02,0.99543671650861,0.995522917396548,0.99532859249512,0.995513662091939,1.23900889548167e-13,0.0044678272989579
-0.04,-0.02,0.995532167530781,0.995602245721301,0.995447840713458,0.995592584844468,1.12576614696991e-13,0.00438809340197014
-0.03,-0.02,0.995615352194695,0.995669629839904,0.995554437205309,0.995659538090514,5.26245713672324e-14,0.00432027841075852
-0.02,-0.02,0.99568650103046,0.99572530578101,0.995648603520548,0.995714756945617,3.30846461338297e-14,0.00426414538362739
-0.01,-0.02,0.995745859644705,0.995769524373103,0.995730576687676,0.995758491317266,1.97619698383278e-14,0.0042194425710763
0,-0.02,0.995793688022801,0.995802550545254,0.995793688022801,0.995791005208791,5.92526028242446e-13,0.00418590411769213
0.01,-0.02,0.995830259811165,0.995824662608087,0.995809095163085,0.99581257600347,2.48689957516035e-14,0.00416325078731941
0.02,-0.02,0.995855861560444,0.995836151502469,0.995805092218453,0.995823493716781,1.26565424807268e-14,0.00415119071185076
0.03,-0.02,0.99587079198524,0.995837320046127,0.995790805563821,0.995824060246273,1.28785870856518e-14,0.00414942015402611
0.04,-0.02,0.995875361173576,0.995828482153693,0.995766860087852,0.995814588595266,8.65973959207622e-14,0.00415762428796311
0.05,-0.02,0.995869889803876,0.995809962050265,0.995733583850751,0.995795402090011,1.30340183090993e-13,0.004175477989603
0.06,-0.02,0.995854708327995,0.99578209346129,0.995691314126692,0.995766833573242,5.26245713672324e-14,0.00420264665064114
0.07,-0.02,0.995830156184007,0.995745218808846,0.995640396593075,0.995729224604179,1.73971947958762e-13,0.00423878698632192
0.08,-0.02,0.995796580954012,0.995699688387187,0.995581184514903,0.995682924637807,2.34923192010683e-13,0.00428354786320284
0.09,-0.02,0.995754337545535,0.995645859539076,0.99551403791919,0.995628290204959,2.95208302247829e-13,0.00433657112651744
0.1,-0.02,0.995703787361075,0.995584095826298,0.995439322763558,0.995565684086563,1.37778677355982e-13,0.00439749243395443
-0.1,-0.01,0.994810140895804,0.994979671790998,0.994578294418356,0.994972779267635,2.42472708578134e-13,0.0050134356858631
-0.09,-0.01,0.994970024754901,0.995122005463558,0.994763646276381,0.995114831537442,2.66231481305113e-13,0.0048708206100631
-0.08,-0.01,0.995116746412407,0.995251467014869,0.99493550173195,0.995243991309471,2.75446332409501e-13,0.00474105727945742
-0.07,-0.01,0.995250451549501,0.995368208953299,0.995093995646253,0.995360410249973,2.12163620005867e-13,0.00462399234316578
-0.06,-0.01,0.995371304029541,0.995472401704266,0.995239281427284,0.99546425792053,4.57411886145564e-14,0.00451945451197248
-0.05,-0.01,0.99547948533948,0.995564233045708,0.995371530480289,0.99555572121584,1.25011112572793e-13,0.00442725512454709
-0.04,-0.01,0.995575194002317,0.995643907514285,0.995490931618817,0.995635003772422,1.0946799022804e-13,0.00434718874395719
-0.03,-0.01,0.995658644934427,0.995711645775786,0.99559769044608,0.995702325341705,5.52891066263328e-14,0.00427903379018718
-0.02,-0.01,0.995730068817987,0.995767683979453,0.995692028710763,0.995757921147194,3.10862446895044e-14,0.00422255318831721
-0.01,-0.01,0.995789711410143,0.99581227307341,0.99577418363756,0.995802041202909,2.04281036531029e-14,0.00417749505610535
0,-0.01,0.995837832845108,0.995845678105039,0.995837832845108,0.995834949616918,5.91193760612896e-13,0.00414359340625424
0.01,-0.01,0.99587470691628,0.995868177501944,0.995852719812091,0.995856923875484,2.26485497023532e-14,0.00412056887161608
0.02,-0.01,0.995900620319405,0.99588006232058,0.995849228486923,0.995868254095278,1.59872115546023e-14,0.0041081294541302
0.03,-0.01,0.995915871912043,0.995881635492658,0.995835427835651,0.995869242273085,1.13242748511766e-14,0.00410597128777945
0.04,-0.01,0.995920771923002,0.995873211045099,0.99581197616744,0.995860201509437,9.45910016980633e-14,0.00411377941933041
0.05,-0.01,0.995915641169126,0.995855113313516,0.995779201625281,0.995841455225729,1.29896093881143e-13,0.00413122859882033
0.06,-0.01,0.995900810238315,0.995827676132003,0.995737441564927,0.995813336357713,5.24025267623074e-14,0.00415798409367972
0.07,-0.01,0.995876618702035,0.995791242029249,0.995687041743925,0.995776186555362,1.73971947958762e-13,0.00419370249669697
0.08,-0.01,0.995843414273113,0.995746161403999,0.995628355505908,0.995730355362107,2.33590924381133e-13,0.00423803255388116
0.09,-0.01,0.995801551987005,0.995692791701279,0.995561742954917,0.99567619939483,2.88657986402541e-13,0.00429061599198989
0.1,-0.01,0.995751393371202,0.995631496582794,0.99548757012389,0.99561408151804,1.39221967287995e-13,0.00435108835243813
-0.1,0,0.994850496513338,0.99501809338034,0.994619342757326,0.995011850953453,2.43582931602759e-13,0.00497566419299922
-0.09,0,0.995010598175567,0.995160736414112,0.994804803701802,0.995154223675171,2.64566146768175e-13,0.00483275084668339
-0.08,0,0.995157545563145,0.995290514784278,0.994976776723788,0.9952837119298,2.75335310107039e-13,0.00470268236097104
-0.07,0,0.99529148451618,0.995407581124478,0.995135396892251,0.995400467499037,2.11608508493555e-13,0.00458530524987258
-0.06,0,0.995412579056028,0.995512105984896,0.995280817821662,0.99550466005877,4.81836792687318e-14,0.0044804480889567
-0.05,0,0.995521010826579,0.995604277267539,0.995413211122285,0.99559647661669,1.21902488103842e-13,0.00438792208172517
-0.04,0,0.995616978506555,0.995684299632413,0.995532765811098,0.995676120921006,1.10356168647741e-13,0.00430752165628065
-0.03,0,0.995700697166772,0.99575239386766,0.995639687692883,0.995743812833292,4.9515946898282e-14,0.00423902509802079
-0.02,0,0.995772397642339,0.995808796243987,0.995734198716006,0.995799787685791,3.26405569239796e-14,0.0041821951978479
-0.01,0,0.995832325841739,0.99585375782972,0.995816536302775,0.995844295599508,1.99840144432528e-14,0.00413677994008417
0,0,0.995880742048811,0.995887543791259,0.995880742048811,0.995877600787856,5.92192961335058e-13,0.00410251320474655
0.01,0,0.995917920204684,0.995910432673858,0.995895084230132,0.995899980840657,2.70894418008538e-14,0.00407911549296814
0.02,0,0.995944147150902,0.995922715650092,0.995892106934267,0.995911725976219,1.3988810110277e-14,0.00406629467604616
0.03,0,0.995959721888671,0.995924695766274,0.9958787950358,0.995913138291089,1.4210854715202e-14,0.0040637467585553
0.04,0,0.995964954788203,0.995916687162109,0.995855840003233,0.995904530983425,9.59232693276135e-14,0.00407115665930209
0.05,0,0.995960166805358,0.995899014284244,0.995823570062654,0.995886227570203,1.34781075189494e-13,0.00408819900184207
0.06,0,0.995945688664647,0.995872011075872,0.995782322651686,0.995858561080573,5.10702591327572e-14,0.00411453892880562
0.07,0,0.995921860071445,0.995836020172711,0.995732443608293,0.995821873255611,1.72750702631674e-13,0.00414983291002791
0.08,0,0.995889028869798,0.995791392078385,0.995674286354966,0.99577651372751,2.37143638059933e-13,0.00419372957050788
0.09,0,0.995847550223542,0.995738484340571,0.995608211072974,0.995722839199535,2.90101276334553e-13,0.00424587051810308
0.1,0,0.995797785785577,0.995677660721249,0.995534583870747,0.995661212620071,1.38666855775682e-13,0.00430589117756734
-0.1,0.01,0.994889571013243,0.995055203789807,0.99465909950178,0.995049578169016,2.42250663973209e-13,0.00493917058963559
-0.09,0.01,0.995049891419181,0.995198157509762,0.994844669714724,0.995192272866608,2.65121258280487e-13,0.00479595784681905
-0.08,0.01,0.995197065555644,0.995328254097691,0.995016760567226,0.995322091199842,2.75557354711964e-13,0.00466558300418653
-0.07,0.01,0.995331239422695,0.99544564631341,0.995175507337366,0.995439185066652,2.11608508493555e-13,0.0045478924396228
-0.06,0.01,0.995452577200693,0.995550504832713,0.995321063847413,0.995543724257953,4.68514116391816e-14,0.00444271459250021
-0.05,0.01,0.995561260691426,0.995643017682545,0.995453601913924,0.995635895895186,1.20792265079217e-13,0.00434986053021287
-0.04,0.01,0.995657488730252,0.995723389646986,0.995573310758518,0.995715903838868,1.10356168647741e-13,0.00426912454499566
-0.03,0.01,0.995741476543305,0.995791841637327,0.995680396388732,0.995783968061402,4.84057238736568e-14,0.00420028478679433
-0.02,0.01,0.995813455119468,0.995848610046456,0.995775080953768,0.995840324004381,2.93098878501041e-14,0.00414310391149748
-0.01,0.01,0.995873670519382,0.995893946063592,0.995857602074641,0.995885221896387,2.04281036531029e-14,0.00409732976922268
0,0.01,0.995922383177266,0.995928114974806,0.995922383177266,0.995918926056735,5.89306381471033e-13,0.00406269610653979
0.01,0.01,0.995959867182705,0.995951395443573,0.995936155706814,0.995941714179283,2.17603712826531e-14,0.00403892329215586
0.02,0.01,0.995986409523738,0.995964078759254,0.995933694779748,0.99595387658455,1.68753899743024e-14,0.00402571906605334
0.03,0.01,0.996002309345852,0.995966468083221,0.99592087432214,0.995955715469221,1.06581410364015e-14,0.00402277930278452
0.04,0.01,0.996007877161294,0.995958877668569,0.995898418691311,0.995947544129604,8.97060203897126e-14,0.00402978879255167
0.05,0.01,0.996003434065516,0.995941632073407,0.995866656196862,0.995929686178612,1.31894495325469e-13,0.00404642203192744
0.06,0.01,0.995989310920177,0.995915065350468,0.995825924358526,0.99590247473916,5.39568389967826e-14,0.00407234403820513
0.07,0.01,0.995965847565049,0.995879520242906,0.995776569094912,0.995866251643767,1.7519319328585e-13,0.00410721115778862
0.08,0.01,0.99593339197588,0.995835347359639,0.995718943907616,0.995821366613745,2.42694753183059e-13,0.00415067189422701
0.09,0.01,0.995892299445308,0.995782904351327,0.995653409055303,0.995768176439013,2.93209900803504e-13,0.00420236773607308
0.1,0.01,0.995842931752044,0.995722555080501,0.995580330722065,0.995707044152062,1.3899992268307e-13,0.00426193399105239
-0.1,0.02,0.994927332793513,0.995090971404201,0.994697532778049,0.995085929325353,2.43360886997834e-13,0.00490398651717891
-0.09,0.02,0.995087872850692,0.995234237087616,0.994883212419082,0.995228947472958,2.65898414397725e-13,0.00476047329746443
-0.08,0.02,0.995235274721459,0.995364653244187,0.995055421343386,0.995359097430467,2.76556555434126e-13,0.00462979094181706
-0.07,0.02,0.995369684566853,0.995482372760815,0.995214295039488,0.995476531212839,2.17714735128993e-13,0.00451178569099092
-0.06,0.02,0.99549126672721,0.995587566439774,0.995359987538739,0.995581418726771,4.77395900588817e-14,0.00440628584719621
-0.05,0.02,0.995600203163155,0.995680422433707,0.995492670865234,0.9956739472081,1.17461596005342e-13,0.00431310234079114
-0.04,0.02,0.995696692867593,0.99576114565161,0.99561253444644,0.99575432063038,1.0635936575909e-13,0.00423202932725446
-0.03,0.02,0.995780951222841,0.995829957128633,0.995719784493823,0.995822759077454,4.2854608750531e-14,0.00416284482022705
-0.02,0.02,0.99585320937238,0.995887093380568,0.995814643358531,0.995879498100885,3.33066907387547e-14,0.00410531133977694
-0.01,0.02,0.995913713529775,0.99593280571818,0.995897348861348,0.995924788037382,2.1538326677728e-14,0.00405917660104338
0,0.02,0.99596272428039,0.995967359547848,0.99596272428039,0.995958893312708,5.93081139754759e-13,0.00402417421642025
0.01,0.02,0.996000515862982,0.995991033651923,0.995975902053281,0.99598209172532,2.04281036531029e-14,0.00400002442149336
0.02,0.02,0.99602737541274,0.996004119437054,0.995973959764028,0.995994673698369,1.82076576038526e-14,0.00398643482427858
0.03,0.02,0.996043602220072,0.996006920180198,0.995961633373618,0.995996941529122,1.28785870856518e-14,0.0039831011687277
0.04,0.02,0.996049506939848,0.995999750248417,0.995939679848541,0.995989208612532,8.83737527601625e-14,0.00398970811578585
0.05,0.02,0.99604541080768,0.99598293431169,0.995908427582274,0.995971798657792,1.27675647831893e-13,0.00400593003453425
0.06,0.02,0.996031644822869,0.995956806532737,0.995868214176956,0.995945044881957,5.26245713672324e-14,0.00403143181646033
0.07,0.02,0.996008548960103,0.995921709762548,0.995819385632097,0.995909289209331,1.71307412699662e-13,0.00406586968407029
0.08,0.02,0.995976471327245,0.995877994715677,0.995762295528546,0.995864881450626,2.40141240226421e-13,0.00410889201903898
0.09,0.02,0.995935767346162,0.995826019146079,0.995697304202569,0.995812178482677,2.88657986402541e-13,0.00416014019023392
0.1,0.02,0.995886798921749,0.995766147017192,0.995624777914072,0.995751543422389,1.37001521238744e-13,0.00421924938799077
-0.1,0.03,0.994963750777775,0.995125365149489,0.994734611247382,0.995120873408762,2.4491519923231e-13,0.00487014311002166
-0.09,0.03,0.995124511360597,0.995268944025762,0.994920400453755,0.995264216430337,2.66342503607575e-13,0.0047263283785476
-0.08,0.03,0.99527214191759,0.995399681053708,0.995092727668354,0.99539469950716,2.73003841755326e-13,0.00459533739947265
-0.07,0.03,0.995406788771772,0.995517729248142,0.995251728591458,0.995512474771923,2.10831352376317e-13,0.00447701627542826
-0.06,0.03,0.99552861642442,0.995623259538578,0.995397557464969,0.995617712247753,5.02931030155196e-14,0.00437119317054845
-0.05,0.03,0.995637806995937,0.995716460204408,0.995530386521149,0.995710599285825,1.18349774425042e-13,0.00427767887712308
-0.04,0.03,0.995734559637631,0.995797536280053,0.995650405395084,0.995791339973132,1.0413891970984e-13,0.0041962674131192
-0.03,0.03,0.99581908988887,0.995866708925402,0.99575782050315,0.995860154505731,4.46309655899313e-14,0.00412673665497183
-0.02,0.03,0.995891629048522,0.995924214779718,0.995852854399433,0.99591727854562,3.06421554796543e-14,0.0040688489862099
-0.01,0.03,0.995952423483871,0.995970305276087,0.995935589494082,0.99596296253832,2.04281036531029e-14,0.00402235198616491
0,0.03,0.996001733932132,0.9960052459418,0.996001733932132,0.995997471016552,5.93192162057221e-13,0.00398697913236427
0.01,0.03,0.996039834781924,0.996029315678632,0.996014291620126,0.996021081883837,2.53130849614536e-14,0.00396245052659754
0.02,0.03,0.996067013316238,0.996042806011085,0.996012870167093,0.996034085666435,1.46549439250521e-14,0.00394847364427916
0.03,0.03,0.996083568971034,0.996046020332262,0.996001040408067,0.996036784762679,1.0547118733939e-14,0.00394474409816024
0.04,0.03,0.996089812544361,0.996039273123609,0.995979591630335,0.996029492666519,9.10382880192628e-14,0.00395094641938536
0.05,0.03,0.996086065412514,0.99602288916747,0.995948852311523,0.996012533183844,1.31894495325469e-13,0.0039667548490259
0.06,0.03,0.996072658712973,0.995997202736951,0.995909160136424,0.995986239626194,5.26245713672324e-14,0.00399183415227591
0.07,0.03,0.99604993255577,0.995962556791254,0.995860861185663,0.99595095400997,1.72861724934137e-13,0.00402584042729582
0.08,0.03,0.996018235181335,0.995919302150923,0.995804309119572,0.995907026235589,2.42139641670747e-13,0.00406842193350822
0.09,0.03,0.995977922141145,0.995867796673545,0.995739864352156,0.99585481326709,2.89102075612391e-13,0.00411921991971889
0.1,0.03,0.99592935546661,0.995808404423715,0.995667893219237,0.995794678305998,1.39666056497845e-13,0.00417786945855843
-0.1,0.04,0.994998794432443,0.99515835451021,0.994770304123351,0.995154379997809,2.4580337765201e-13,0.00483767097762036
-0.09,0.04,0.995159776382082,0.995302247760832,0.994956203009979,0.995298049266925,2.65454325187875e-13,0.00469355374499653
-0.08,0.04,0.995307636543626,0.995433306914558,0.995128648710587,0.995428866907111,2.79554157600614e-13,0.0045622530777152
-0.07,0.04,0.995442521403052,0.995551685115039,0.995287777138494,0.9955469851696,2.16937579011756e-13,0.00444361493930539
-0.06,0.04,0.995564595623526,0.995657553419907,0.995433742747193,0.995652574194716,5.75095526755831e-14,0.00433746735484404
-0.05,0.04,0.995674041486127,0.995751100235894,0.995566717978923,0.99574582144945,1.17017506795491e-13,0.004243620977776
-0.04,0.04,0.99577105830145,0.995832530723809,0.995686892676943,0.995826931135094,1.01030295240889e-13,0.00416186968757293
-0.03,0.04,0.99585586176673,0.995902066168725,0.995794473464295,0.995896123560263,1.63202784619898e-14,0.00409199122282371
-0.02,0.04,0.995928683337021,0.995959943334644,0.995889411931439,0.995953634498565,2.93098878501041e-14,0.00403374782930222
-0.01,0.04,0.995989769534058,0.996006413777,0.995971823699788,0.995999714504263,1.90958360235527e-14,0.00398688695028101
0,0.04,0.996039381247641,0.996041743144854,0.996039381247641,0.996034628217807,5.91859894427671e-13,0.00395114192750949
0.01,0.04,0.996077793016898,0.99606621045996,0.996051293315007,0.996058653648253,1.90958360235527e-14,0.00392623272834944
0.02,0.04,0.99610529227328,0.996080107365217,0.996050394825956,0.996072081425438,1.06581410364015e-14,0.00391186669500949
0.03,0.04,0.996122178598858,0.996083737370388,0.996039064200047,0.996075214049201,1.14352971536391e-14,0.00390773930842125
0.04,0.04,0.996128762935438,0.996077415071752,0.996018122748467,0.996068365112861,8.81517081552374e-14,0.00391353496943998
0.05,0.04,0.996125366800526,0.996061465364452,0.995987899033217,0.996051858519385,1.32782673745169e-13,0.00392892779061027
0.06,0.04,0.996112321470225,0.996036222632356,0.995948730821965,0.996026027675105,4.88498130835069e-14,0.00395358241037506
0.07,0.04,0.996089967190385,0.996002029943295,0.995900964276677,0.995991214688888,1.74638081773537e-13,0.00398715480213074
0.08,0.04,0.996058652334394,0.995959238224103,0.995844953137336,0.995947769551105,2.41806574763359e-13,0.00402929310266566
0.09,0.04,0.996018732583699,0.995908205436289,0.995781057895829,0.995896049313244,2.88213897192691e-13,0.00407963844038167
0.1,0.04,0.995970570096604,0.995849295745902,0.995709644964057,0.995836417261709,1.38000721960907e-13,0.00413782576989912
-0.1,0.05,0.995032433783607,0.995189909546859,0.994804581189014,0.995186419280276,2.42916797787984e-13,0.00480660018678323
-0.09,0.05,0.995193637907958,0.995334118305246,0.994990589848532,0.99533041611977,2.639000129534e-13,0.00466217950901469
-0.08,0.05,0.995341728558678,0.995465500790779,0.995163154208102,0.995461569716152,2.78221889971064e-13,0.00453056813432235
-0.07,0.05,0.995476852385697,0.995584210276754,0.995322410395376,0.995580032439894,2.19380069665931e-13,0.00441161188616578
-0.06,0.05,0.995599174215002,0.995690417949795,0.995468513076657,0.995685974549276,5.04041253179821e-14,0.00430513864963803
-0.05,0.05,0.995708876489225,0.995784312344683,0.995601634905332,0.995779583627712,1.12132525487141e-13,0.0042109589384537
-0.04,0.05,0.995806158679114,0.995866098749416,0.995721965933982,0.995861063991491,9.81437153768638e-14,0.00412886649274469
-0.03,0.05,0.995891236640567,0.995935998575156,0.995829339323124,0.99593063606259,1.94289029309402e-14,0.00405863891228134
-0.02,0.05,0.995964341985611,0.995994248710674,0.99592403256226,0.995988535726161,3.28626015289046e-14,0.00400003830484601
-0.01,0.05,0.996025721391152,0.996041100835041,0.996006638121369,0.996035013646416,1.95399252334028e-14,0.0039528119763522
0,0.05,0.996075635900259,0.996076820719427,0.99607465690178,0.996070334571783,5.94080340476921e-13,0.00391669313233631
0.01,0.05,0.996114360203238,0.996101687506163,0.996086876620101,0.996094776617372,2.17603712826531e-14,0.00389140160506624
0.02,0.05,0.996142181880593,0.996115992957012,0.996086503151955,0.996108630516986,6.66133814775094e-15,0.00387664460296511
0.03,0.05,0.996159400661099,0.996120040698975,0.996075674098215,0.996112198872479,1.18793863634892e-14,0.00387211747452478
0.04,0.05,0.996166327630847,0.996114145443544,0.9960552424885,0.996105795376861,8.79296635503124e-14,0.0038775044898604
0.05,0.05,0.996163284449039,0.996098632199324,0.996025536969881,0.996089744030766,1.24344978758018e-13,0.00389247963219017
0.06,0.05,0.996150602530888,0.996073835460645,0.995986895391706,0.996064378334975,4.88498130835069e-14,0.00391670741365661
0.07,0.05,0.99612862225846,0.996040098405029,0.995939663998908,0.996030040491827,1.72750702631674e-13,0.00394984368160435
0.08,0.05,0.996097692138495,0.99599777206565,0.995884196610811,0.995987080581653,2.36033415035308e-13,0.00399153645012207
0.09,0.05,0.996058167982768,0.995947214508246,0.995820853797322,0.995935855743661,2.88991053309928e-13,0.00404142672688626
0.1,0.05,0.99601041207677,0.995888790000551,0.995750002046504,0.995876729349327,1.36668454331357e-13,0.00409914934822162
-0.1,0.06,0.995064639433699,0.99522000091283,0.994837412813817,0.995216962069613,2.42694753183059e-13,0.00477696024417797
-0.09,0.06,0.995226066507275,0.995364526264252,0.995023531316595,0.995361287751342,2.60902410786912e-13,0.00463223522257758
-0.08,0.06,0.995374388498032,0.995496233239078,0.995196214485376,0.995492778645203,2.74336109384876e-13,0.00450031216677263
-0.07,0.06,0.995509752220794,0.995615275241135,0.995355598663359,0.995611587241676,2.11164419283705e-13,0.00438103675919928
-0.06,0.06,0.995632322665281,0.995721823586744,0.995501838730871,0.995717883917599,5.82867087928207e-14,0.00427423674405382
-0.05,0.06,0.995742282436563,0.995816066939543,0.995635107553748,0.995811856373508,9.57012247226885e-14,0.00417972249450609
-0.04,0.06,0.995839831166361,0.995898210715619,0.995755132023785,0.99589370904149,9.76996261670138e-14,0.00409728761034817
-0.03,0.06,0.995925184870043,0.995968476452649,0.995862325610102,0.995963662457217,1.75415237890775e-14,0.00402670955191467
-0.02,0.06,0.995998575317344,0.996027101164967,0.995957202904921,0.996021952618089,3.35287353436797e-14,0.00396775028818502
-0.01,0.06,0.99606024934107,0.996074336655894,0.996040002958399,0.996068830298785,2.22044604925031e-14,0.00392015698701852
0,0.06,0.996110468138225,0.996110448819264,0.996108265032189,0.996104560356193,5.95523630408934e-13,0.0038836627170712
0.01,0.06,0.996149506550934,0.996135716918535,0.996121011609204,0.996129421011945,2.19824158875781e-14,0.00385798717489501
0.02,0.06,0.996177652309337,0.996150432834875,0.996121165147983,0.996143703104286,8.65973959207622e-15,0.00384283743454237
0.03,0.06,0.996195205289472,0.996154900312956,0.996110840042493,0.996147709337444,8.32667268468867e-15,0.00383790871153621
0.04,0.06,0.996202476722221,0.99614943417991,0.996090920726934,0.996141753504487,8.32667268468867e-14,0.0038428851447461
0.05,0.06,0.996199788408973,0.99613435955803,0.996061735933217,0.996126159703891,1.23456800338317e-13,0.00385744058790461
0.06,0.06,0.996187471904481,0.996110011053158,0.996023623594039,0.996101261531877,4.72955008490317e-14,0.00388123942553603
0.07,0.06,0.996165867727437,0.996076731952085,0.995976930036033,0.996067401283794,1.71862524211974e-13,0.00391393737945725
0.08,0.06,0.996135324518291,0.996034873394928,0.995922009158489,0.996024929130495,2.41140440948584e-13,0.00395518234040458
0.09,0.06,0.996096198219492,0.995984793551894,0.995859221609476,0.99597420229911,2.87325718772991e-13,0.00400461519503901
0.1,0.06,0.996048851243998,0.995926856792627,0.9957889339533,0.995915584246389,1.38666855775682e-13,0.0040618706611211
-0.1,0.07,0.995095382577871,0.995248599871168,0.994868769970222,0.995245979821177,2.46469511466785e-13,0.00474878007907402
-0.09,0.07,0.995257033341753,0.995393442852675,0.995054998364442,0.99539063556577,2.62234678416462e-13,0.00460374986016314
-0.08,0.07,0.99540558748955,0.995525475425684,0.995227800469986,0.995522465046609,2.76778600039052e-13,0.00447151419496467
-0.07,0.07,0.995541192001907,0.995644851125355,0.995387312846828,0.995641620874876,2.15605311382205e-13,0.00435191862395044
-0.06,0.07,0.995664012033172,0.995751741398585,0.995533690590488,0.995748273546736,4.57411886145564e-14,0.00424479074952157
-0.05,0.07,0.995774230351709,0.995846335038592,0.995666566253285,0.995842610880474,9.72555369571637e-14,0.00414994080338567
-0.04,0.07,0.995872046751031,0.995928837589946,0.995786463949283,0.995924837424267,6.99440505513849e-14,0.00406716224444388
-0.03,0.07,0.995957677406752,0.995999470718159,0.995893831857364,0.995995173828711,1.86517468137026e-14,0.00399623239238907
-0.02,0.07,0.996031354247051,0.996058471563283,0.995988893795863,0.996053856203515,3.10862446895044e-14,0.003936913076978
-0.01,0.07,0.996093324261327,0.99610609205364,0.99607188901827,0.996101135434504,2.46469511466785e-14,0.00388895132724764
0,0.07,0.996143848801169,0.996142598206295,0.996140394472718,0.996137276487505,5.90638649100583e-13,0.00385208007432522
0.01,0.07,0.996183202861127,0.996168269406349,0.996153668964644,0.996162557691119,2.1538326677728e-14,0.00382601887844258
0.02,0.07,0.996211674321568,0.996183397654879,0.996154351425389,0.996177269988465,9.76996261670138e-15,0.00381047467871482
0.03,0.07,0.996229563206313,0.996188286814671,0.996144532580936,0.996181716186531,1.35447209004269e-14,0.00380514255718394
0.04,0.07,0.996237180891561,0.996183251828975,0.996125127948125,0.996176210178858,8.14903700074865e-14,0.00380970652098861
0.05,0.07,0.996234849321313,0.996168617934079,0.996096466343916,0.996161076162021,1.25899290992493e-13,0.00382384029393579
0.06,0.07,0.996222900190297,0.996144719847752,0.996058885784572,0.996136647828051,5.32907051820075e-14,0.00384720813253252
0.07,0.07,0.996201674154201,0.996111900966329,0.996012732678582,0.996103267565536,1.72084568816899e-13,0.00387946563271013
0.08,0.07,0.996171519987553,0.996070512537189,0.995958361005371,0.996061285636139,2.38697950294409e-13,0.00392026056152743
0.09,0.07,0.996132793763767,0.996020912835239,0.99589613149126,0.99601105935511,2.86770607260678e-13,0.003969233684352
0.1,0.07,0.996085858023559,0.995963466332271,0.995826410776883,0.995952952264687,1.36446409726432e-13,0.0040260196001358
-0.1,0.08,0.995124635020098,0.995275678310999,0.994898624250053,0.995273444648106,2.43360886997834e-13,0.00472208802633126
-0.09,0.08,0.995286510181905,0.995420839911374,0.99508496256178,0.995418431624743,2.68562949656825e-13,0.00457675180172972
-0.08,0.08,0.995435297269815,0.995553199142785,0.995257883708999,0.99555060093003,2.76112466224276e-13,0.00444420264418439
-0.07,0.08,0.995571143431228,0.995672909672528,0.995417524469673,0.995670105296547,2.18269846641306e-13,0.00432428595127416
-0.06,0.08,0.995694213986001,0.995780143078841,0.995563434749648,0.995777115340449,4.69624339416441e-14,0.00421682918272264
-0.05,0.08,0.99580469186664,0.995875088285307,0.995696224556761,0.995871818998451,9.57012247226885e-14,0.00412164242793109
-0.04,0.08,0.995902777029236,0.995957950965794,0.995816286849537,0.995954420935543,6.75015598972095e-14,0.00403851900401955
-0.03,0.08,0.995988685810414,0.99602895291395,0.995923829554214,0.996025141917455,1.72084568816899e-14,0.00396723608955217
-0.02,0.08,0.996062650297502,0.99608833139653,0.996019076695946,0.99608421816711,2.93098878501041e-14,0.00390755537407672
-0.01,0.08,0.996124917637178,0.996136338467321,0.996102267732706,0.996131900681854,2.06501482580279e-14,0.00385922374723024
0,0.08,0.996175749336253,0.996173240267198,0.996171016610709,0.996168454536963,5.88862292261183e-13,0.00382197400198049
0.01,0.08,0.996215420542288,0.996199316303398,0.996184819993853,0.99619415816843,2.06501482580279e-14,0.00379552556165272
0.02,0.08,0.996244219286444,0.996214858697401,0.996186033220591,0.996209302624673,6.43929354282591e-15,0.00377958522987704
0.03,0.08,0.996262445740836,0.996220171430551,0.996176722886409,0.996214190815829,1.25455201782643e-14,0.00377384795471979
0.04,0.08,0.996270411427439,0.996215569562801,0.996157835261294,0.996209136736443,7.88258347483861e-14,0.00377799761089103
0.05,0.08,0.99626843843333,0.99620137844423,0.99612969924635,0.996194464680935,1.24122934153093e-13,0.00379170779254778
0.06,0.08,0.996256858593602,0.996177932905447,0.996092652942745,0.996170508438018,5.21804821573824e-14,0.00381464262710431
0.07,0.08,0.99623601270131,0.996145576452485,0.996047042840608,0.996137610489637,1.75415237890775e-13,0.00384645758449831
0.08,0.08,0.996206249665381,0.9961046604402,0.995993222999612,0.996096121188444,2.37587727269783e-13,0.00388680030781155
0.09,0.08,0.996167925690478,0.996055543248454,0.995931554224422,0.996046397938046,2.8688162956314e-13,0.00393531144085592
0.1,0.08,0.996121403445333,0.995998589451386,0.995862403232075,0.99598880436634,1.3944401189292e-13,0.00399162546355064
-0.1,0.09,0.99515236918905,0.99530120876378,0.994926947880595,0.995299329336982,2.46025422256935e-13,0.00469691180964849
-0.09,0.09,0.995314469422863,0.995446689923462,0.995113396113822,0.995444648663141,2.665645482125e-13,0.00455126881595282
-0.08,0.09,0.995463490199972,0.995579376824718,0.995286436385045,0.99557715897804,2.76001443921814e-13,0.00441840532833056
-0.07,0.09,0.995599578835443,0.995699423267806,0.995445547407841,0.995697013136376,2.12829753820643e-13,0.00429816660055217
-0.06,0.09,0.995722900815504,0.995807000963041,0.995591400935005,0.995804381874929,5.09592368302947e-14,0.00419037994879636
-0.05,0.09,0.995833639237612,0.995902298965136,0.995724345629489,0.995899453249511,9.34807786734382e-14,0.00409485531932636
-0.04,0.09,0.99593199422124,0.995985523077944,0.995844572882581,0.995982432042522,6.92779167366098e-14,0.00401138588669879
-0.03,0.09,0.996018182264738,0.996056895223869,0.995952290830665,0.996053539135355,1.82076576038526e-14,0.00393974868761026
-0.02,0.09,0.996092435615307,0.996116652797029,0.996047723706709,0.996113010864727,2.79776202205539e-14,0.00387970527069187
-0.01,0.09,0.996155001577547,0.99616504797724,0.996131111174071,0.996161098339994,2.37587727269783e-14,0.00383100238553643
0,0.09,0.996206141814106,0.996202347029692,0.996200103474507,0.99619806674631,5.91637849822746e-13,0.00379337268633713
0.01,0.09,0.996246131626148,0.996228829584303,0.996214436645695,0.996224194627541,1.88737914186277e-14,0.00376653545895144
0.02,0.09,0.996275259196141,0.996244787883421,0.99621618241136,0.996239773137813,6.88338275267597e-15,0.00375019737097391
0.03,0.09,0.996293824845005,0.996250526027357,0.996207382772847,0.996245105290757,1.0769163338864e-14,0.00374405323603952
0.04,0.09,0.996302140240943,0.996246359192936,0.996189014415324,0.996240505182045,7.43849426498855e-14,0.00374778679621108
0.05,0.09,0.996300527614535,0.996232612845054,0.996161406325423,0.996226297204929,1.20348175869367e-13,0.003761071514891
0.06,0.09,0.996289318941615,0.996209621926834,0.996124896688228,0.996202815244433,5.12923037376822e-14,0.00378357139074453
0.07,0.09,0.996268855152951,0.996177730054492,0.996079832076037,0.996170401876315,1.73749903353837e-13,0.00381494176716125
0.08,0.09,0.996239485292165,0.996137288690629,0.996026566628889,0.996129407544457,2.34479102800833e-13,0.00385483016296581
0.09,0.09,0.996201565695455,0.996088656320282,0.995965461229884,0.996080189741017,2.90212298637016e-13,0.00390287710017208
0.1,0.09,0.996155459159809,0.996032197620125,0.995896882672522,0.99602311217973,1.35225164399344e-13,0.00395871693946402
-0.1,0.1,0.995178558153592,0.995325164419062,0.994953713740313,0.995323607362968,2.45581333047085e-13,0.00467327852508281
-0.09,0.1,0.995340884099927,0.995470966030111,0.995140271877057,0.995469260104221,2.69784194983913e-13,0.00452732804373372
-0.08,0.1,0.995490139281286,0.99560398156385,0.995312731887642,0.995602112561391,2.77888823063677e-13,0.00439414943341279
-0.07,0.1,0.995626471181275,0.99572436495429,0.995471803748397,0.995722317711979,2.17714735128993e-13,0.00427358780318146
-0.06,0.1,0.995750045453348,0.995832288044597,0.995617802476483,0.995830046414063,5.3179682879545e-14,0.00416547032481636
-0.05,0.1,0.995861045360733,0.995927940021041,0.995750902313633,0.995925486842886,9.2370555648813e-14,0.00406960680083437
-0.04,0.1,0.995959671187021,0.996011526818931,0.995871294862903,0.99600884389964,7.03881397612349e-14,0.00398579026184669
-0.03,0.1,0.996046139593037,0.99608327048929,0.99597918847341,0.996080338581162,1.69864122767649e-14,0.00391379760257162
-0.02,0.1,0.996120682986516,0.996143408554479,0.996074807586339,0.996140207338761,3.15303338993544e-14,0.00385339022983124
-0.01,0.1,0.996183548830615,0.996192193320858,0.996158392071314,0.996188701394243,1.99840144432528e-14,0.00380431475254459
0,0.1,0.996234998944438,0.99622989117852,0.996227627749454,0.996226086043164,5.92081939032596e-13,0.00376630368553344
0.01,0.1,0.996275308783291,0.996256781880508,0.996242491526423,0.996252639937641,1.82076576038526e-14,0.003739076176643
0.02,0.1,0.996304766681478,0.99627315779052,0.996244771532839,0.996268654337933,1.13242748511766e-14,0.0037223387569032
0.03,0.1,0.996323673109194,0.996279323128204,0.996236484711311,0.996274432361488,9.54791801177635e-15,0.00371578610507687
0.04,0.1,0.99633233988132,0.996275593187704,0.996218637817118,0.996270288205506,7.8159700933611e-14,0.00371910183014727
0.05,0.1,0.996331089372321,0.996262293548985,0.996191559922605,0.996256546362274,1.24567023362943e-13,0.00373195926438003
0.06,0.1,0.996320253699134,0.99623975926805,0.996155589296936,0.99623354081347,4.9515946898282e-14,0.00375402227735109
0.07,0.1,0.996300173930585,0.996208334071571,0.99611107259474,0.996201614228904,1.72084568816899e-13,0.00378494608560216
0.08,0.1,0.996271199245262,0.9961683695301,0.996058364036499,0.996161117143873,2.36921593455008e-13,0.00382437808344199
0.09,0.1,0.996233686111159,0.996120224234079,0.995997824583832,0.996112407139303,2.91544566266566e-13,0.00387195867085996
0.1,0.1,0.996187997453724,0.996064262962899,0.995929821106731,0.996055848014933,1.36668454331357e-13,0.00392732208912647
